Id,Name
lUs8GAAS,Edge Communications
lUs8HAAS,Burlington Textiles Corp of America
lUs8IAAS,Pyramid Construction Inc.
lUs8JAAS,Dickenson plc
lUs8KAAS,Grand Hotels & Resorts Ltd
lUs8MAAS,Express Logistics and Transport
lUs8NAAS,University of Arizona
lUs8LAAS,United Oil & Gas Corp.
lUs8RAAS,sForce
lUs8QAAS,GenePoint
lUs8OAAS,"United Oil & Gas, UK"
lUs8PAAS,"United Oil & Gas, Singapore"
lAEddAAG,test2a
lAD4EAAW,Sample Account for Entitlements
lAEdYAAW,test1
lUs8GAAS,Edge Communications
lUs8HAAS,Burlington Textiles Corp of America
lUs8IAAS,Pyramid Construction Inc.
lUs8JAAS,Dickenson plc
lUs8KAAS,Grand Hotels & Resorts Ltd
lUs8MAAS,Express Logistics and Transport
lUs8NAAS,University of Arizona
lUs8LAAS,United Oil & Gas Corp.
lUs8RAAS,sForce
lUs8QAAS,GenePoint
lUs8OAAS,"United Oil & Gas, UK"
lUs8PAAS,"United Oil & Gas, Singapore"
lAEddAAG,test2a
lAD4EAAW,Sample Account for Entitlements
lAEdYAAW,test1
lUs8GAAS,Edge Communications
lUs8HAAS,Burlington Textiles Corp of America
lUs8IAAS,Pyramid Construction Inc.
lUs8JAAS,Dickenson plc
lUs8KAAS,Grand Hotels & Resorts Ltd
lUs8MAAS,Express Logistics and Transport
lUs8NAAS,University of Arizona
lUs8LAAS,United Oil & Gas Corp.
lUs8RAAS,sForce
lUs8QAAS,GenePoint
lUs8OAAS,"United Oil & Gas, UK"
lUs8PAAS,"United Oil & Gas, Singapore"
lAEddAAG,test2a
lAD4EAAW,Sample Account for Entitlements
lAEdYAAW,test1
lUs8GAAS,Edge Communications
lUs8HAAS,Burlington Textiles Corp of America
lUs8IAAS,Pyramid Construction Inc.
lUs8JAAS,Dickenson plc
lUs8KAAS,Grand Hotels & Resorts Ltd
lUs8MAAS,Express Logistics and Transport
lUs8NAAS,University of Arizona
lUs8LAAS,United Oil & Gas Corp.
lUs8RAAS,sForce
lUs8QAAS,GenePoint
lUs8OAAS,"United Oil & Gas, UK"
lUs8PAAS,"United Oil & Gas, Singapore"
lAEddAAG,test2a
lAD4EAAW,Sample Account for Entitlements
lAEdYAAW,test1
lUs8GAAS,Edge Communications
lUs8HAAS,Burlington Textiles Corp of America
lUs8IAAS,Pyramid Construction Inc.
lUs8JAAS,Dickenson plc
lUs8KAAS,Grand Hotels & Resorts Ltd
lUs8MAAS,Express Logistics and Transport
lUs8NAAS,University of Arizona
lUs8LAAS,United Oil & Gas Corp.
lUs8RAAS,sForce
lUs8QAAS,GenePoint
lUs8OAAS,"United Oil & Gas, UK"
lUs8PAAS,"United Oil & Gas, Singapore"
lAEddAAG,test2a
lAD4EAAW,Sample Account for Entitlements
lAEdYAAW,test1
lUs8GAAS,Edge Communications
lUs8HAAS,Burlington Textiles Corp of America
lUs8IAAS,Pyramid Construction Inc.
lUs8JAAS,Dickenson plc
lUs8KAAS,Grand Hotels & Resorts Ltd
lUs8MAAS,Express Logistics and Transport
lUs8NAAS,University of Arizona
lUs8LAAS,United Oil & Gas Corp.
lUs8RAAS,sForce
lUs8QAAS,GenePoint
lUs8OAAS,"United Oil & Gas, UK"
lUs8PAAS,"United Oil & Gas, Singapore"
lAEddAAG,test2a
lAD4EAAW,Sample Account for Entitlements
lAEdYAAW,test1
lUs8GAAS,Edge Communications
lUs8HAAS,Burlington Textiles Corp of America
lUs8IAAS,Pyramid Construction Inc.
lUs8JAAS,Dickenson plc
lUs8KAAS,Grand Hotels & Resorts Ltd
lUs8MAAS,Express Logistics and Transport
lUs8NAAS,University of Arizona
lUs8LAAS,United Oil & Gas Corp.
lUs8RAAS,sForce
lUs8QAAS,GenePoint
lUs8OAAS,"United Oil & Gas, UK"
lUs8PAAS,"United Oil & Gas, Singapore"
lAEddAAG,test2a
lAD4EAAW,Sample Account for Entitlements
lAEdYAAW,test1
lUs8GAAS,Edge Communications
lUs8HAAS,Burlington Textiles Corp of America
lUs8IAAS,Pyramid Construction Inc.
lUs8JAAS,Dickenson plc
lUs8KAAS,Grand Hotels & Resorts Ltd
lUs8MAAS,Express Logistics and Transport
lUs8NAAS,University of Arizona
lUs8LAAS,United Oil & Gas Corp.
lUs8RAAS,sForce
lUs8QAAS,GenePoint
lUs8OAAS,"United Oil & Gas, UK"
lUs8PAAS,"United Oil & Gas, Singapore"
lAEddAAG,test2a
lAD4EAAW,Sample Account for Entitlements
lAEdYAAW,test1
lUs8GAAS,Edge Communications
lUs8HAAS,Burlington Textiles Corp of America
lUs8IAAS,Pyramid Construction Inc.
lUs8JAAS,Dickenson plc
lUs8KAAS,Grand Hotels & Resorts Ltd
lUs8MAAS,Express Logistics and Transport
lUs8NAAS,University of Arizona
lUs8LAAS,United Oil & Gas Corp.
lUs8RAAS,sForce
lUs8QAAS,GenePoint
lUs8OAAS,"United Oil & Gas, UK"
lUs8PAAS,"United Oil & Gas, Singapore"
lAEddAAG,test2a
lAD4EAAW,Sample Account for Entitlements
lAEdYAAW,test1
lUs8GAAS,Edge Communications
lUs8HAAS,Burlington Textiles Corp of America
lUs8IAAS,Pyramid Construction Inc.
lUs8JAAS,Dickenson plc
lUs8KAAS,Grand Hotels & Resorts Ltd
lUs8MAAS,Express Logistics and Transport
lUs8NAAS,University of Arizona
lUs8LAAS,United Oil & Gas Corp.
lUs8RAAS,sForce
lUs8QAAS,GenePoint
lUs8OAAS,"United Oil & Gas, UK"
lUs8PAAS,"United Oil & Gas, Singapore"
lAEddAAG,test2a
lAD4EAAW,Sample Account for Entitlements
lAEdYAAW,test1
lUs8GAAS,Edge Communications
lUs8HAAS,Burlington Textiles Corp of America
lUs8IAAS,Pyramid Construction Inc.
lUs8JAAS,Dickenson plc
lUs8KAAS,Grand Hotels & Resorts Ltd
lUs8MAAS,Express Logistics and Transport
lUs8NAAS,University of Arizona
lUs8LAAS,United Oil & Gas Corp.
lUs8RAAS,sForce
lUs8QAAS,GenePoint
lUs8OAAS,"United Oil & Gas, UK"
lUs8PAAS,"United Oil & Gas, Singapore"
lAEddAAG,test2a
lAD4EAAW,Sample Account for Entitlements
lAEdYAAW,test1
lUs8GAAS,Edge Communications
lUs8HAAS,Burlington Textiles Corp of America
lUs8IAAS,Pyramid Construction Inc.
lUs8JAAS,Dickenson plc
lUs8KAAS,Grand Hotels & Resorts Ltd
lUs8MAAS,Express Logistics and Transport
lUs8NAAS,University of Arizona
lUs8LAAS,United Oil & Gas Corp.
lUs8RAAS,sForce
lUs8QAAS,GenePoint
lUs8OAAS,"United Oil & Gas, UK"
lUs8PAAS,"United Oil & Gas, Singapore"
lAEddAAG,test2a
lAD4EAAW,Sample Account for Entitlements
lAEdYAAW,test1
lUs8GAAS,Edge Communications
lUs8HAAS,Burlington Textiles Corp of America
lUs8IAAS,Pyramid Construction Inc.
lUs8JAAS,Dickenson plc
lUs8KAAS,Grand Hotels & Resorts Ltd
lUs8MAAS,Express Logistics and Transport
lUs8NAAS,University of Arizona
lUs8LAAS,United Oil & Gas Corp.
lUs8RAAS,sForce
lUs8QAAS,GenePoint
lUs8OAAS,"United Oil & Gas, UK"
lUs8PAAS,"United Oil & Gas, Singapore"
lAEddAAG,test2a
lAD4EAAW,Sample Account for Entitlements
lAEdYAAW,test1
lUs8GAAS,Edge Communications
lUs8HAAS,Burlington Textiles Corp of America
lUs8IAAS,Pyramid Construction Inc.
lUs8JAAS,Dickenson plc
lUs8KAAS,Grand Hotels & Resorts Ltd
lUs8MAAS,Express Logistics and Transport
lUs8NAAS,University of Arizona
lUs8LAAS,United Oil & Gas Corp.
lUs8RAAS,sForce
lUs8QAAS,GenePoint
lUs8OAAS,"United Oil & Gas, UK"
lUs8PAAS,"United Oil & Gas, Singapore"
lAEddAAG,test2a
lAD4EAAW,Sample Account for Entitlements
lAEdYAAW,test1
lUs8GAAS,Edge Communications
lUs8HAAS,Burlington Textiles Corp of America
lUs8IAAS,Pyramid Construction Inc.
lUs8JAAS,Dickenson plc
lUs8KAAS,Grand Hotels & Resorts Ltd
lUs8MAAS,Express Logistics and Transport
lUs8NAAS,University of Arizona
lUs8LAAS,United Oil & Gas Corp.
lUs8RAAS,sForce
lUs8QAAS,GenePoint
lUs8OAAS,"United Oil & Gas, UK"
lUs8PAAS,"United Oil & Gas, Singapore"
lAEddAAG,test2a
lAD4EAAW,Sample Account for Entitlements
lAEdYAAW,test1
lUs8GAAS,Edge Communications
lUs8HAAS,Burlington Textiles Corp of America
lUs8IAAS,Pyramid Construction Inc.
lUs8JAAS,Dickenson plc
lUs8KAAS,Grand Hotels & Resorts Ltd
lUs8MAAS,Express Logistics and Transport
lUs8NAAS,University of Arizona
lUs8LAAS,United Oil & Gas Corp.
lUs8RAAS,sForce
lUs8QAAS,GenePoint
lUs8OAAS,"United Oil & Gas, UK"
lUs8PAAS,"United Oil & Gas, Singapore"
lAEddAAG,test2a
lAD4EAAW,Sample Account for Entitlements
lAEdYAAW,test1
lUs8GAAS,Edge Communications
lUs8HAAS,Burlington Textiles Corp of America
lUs8IAAS,Pyramid Construction Inc.
lUs8JAAS,Dickenson plc
lUs8KAAS,Grand Hotels & Resorts Ltd
lUs8MAAS,Express Logistics and Transport
lUs8NAAS,University of Arizona
lUs8LAAS,United Oil & Gas Corp.
lUs8RAAS,sForce
lUs8QAAS,GenePoint
lUs8OAAS,"United Oil & Gas, UK"
lUs8PAAS,"United Oil & Gas, Singapore"
lAEddAAG,test2a
lAD4EAAW,Sample Account for Entitlements
lAEdYAAW,test1
lUs8GAAS,Edge Communications
lUs8HAAS,Burlington Textiles Corp of America
lUs8IAAS,Pyramid Construction Inc.
lUs8JAAS,Dickenson plc
lUs8KAAS,Grand Hotels & Resorts Ltd
lUs8MAAS,Express Logistics and Transport
lUs8NAAS,University of Arizona
lUs8LAAS,United Oil & Gas Corp.
lUs8RAAS,sForce
lUs8QAAS,GenePoint
lUs8OAAS,"United Oil & Gas, UK"
lUs8PAAS,"United Oil & Gas, Singapore"
lAEddAAG,test2a
lAD4EAAW,Sample Account for Entitlements
lAEdYAAW,test1
lUs8GAAS,Edge Communications
lUs8HAAS,Burlington Textiles Corp of America
lUs8IAAS,Pyramid Construction Inc.
lUs8JAAS,Dickenson plc
lUs8KAAS,Grand Hotels & Resorts Ltd
lUs8MAAS,Express Logistics and Transport
lUs8NAAS,University of Arizona
lUs8LAAS,United Oil & Gas Corp.
lUs8RAAS,sForce
lUs8QAAS,GenePoint
lUs8OAAS,"United Oil & Gas, UK"
lUs8PAAS,"United Oil & Gas, Singapore"
lAEddAAG,test2a
lAD4EAAW,Sample Account for Entitlements
lAEdYAAW,test1
lUs8GAAS,Edge Communications
lUs8HAAS,Burlington Textiles Corp of America
lUs8IAAS,Pyramid Construction Inc.
lUs8JAAS,Dickenson plc
lUs8KAAS,Grand Hotels & Resorts Ltd
lUs8MAAS,Express Logistics and Transport
lUs8NAAS,University of Arizona
lUs8LAAS,United Oil & Gas Corp.
lUs8RAAS,sForce
lUs8QAAS,GenePoint
lUs8OAAS,"United Oil & Gas, UK"
lUs8PAAS,"United Oil & Gas, Singapore"
lAEddAAG,test2a
lAD4EAAW,Sample Account for Entitlements
lAEdYAAW,test1
lUs8GAAS,Edge Communications
lUs8HAAS,Burlington Textiles Corp of America
lUs8IAAS,Pyramid Construction Inc.
lUs8JAAS,Dickenson plc
lUs8KAAS,Grand Hotels & Resorts Ltd
lUs8MAAS,Express Logistics and Transport
lUs8NAAS,University of Arizona
lUs8LAAS,United Oil & Gas Corp.
lUs8RAAS,sForce
lUs8QAAS,GenePoint
lUs8OAAS,"United Oil & Gas, UK"
lUs8PAAS,"United Oil & Gas, Singapore"
lAEddAAG,test2a
lAD4EAAW,Sample Account for Entitlements
lAEdYAAW,test1
